Sl.No,"Project Name
(Agency)
(Project Code) (Legacy OCMS Code) (PMGID)",State,"Date of Approval
(Start Date)
MM/YYYY","Orignal/Target DoC
(Revised DoC)
MM/YYYY","Orignal Cost
Revised Cost
in Rs. Crore","Cumulative
Expenditure
in Rs. Crore","Physical Progress
(%)"
1,"Construction of New Domestic Terminal Building Building and miscellaneous works
including maintenance, operations and AICMC at Kadapa Airport
(Airport Authority of India [AAI])
(612786)
(N04000106) (-)",Andhra Pradesh,"03/2023
(01/2024)","01/2026
(07/2026)","265.91
(265.91)",129.07,65
2,"Construction of New Integrated Terminal Building and associated works including
apron to park 3 code E type of aircraft or 6 code C type of aircraft at Vijayawada
Airport.
(Airport Authority of India [AAI])
(701107)
(N04000091) (4353)",Andhra Pradesh,"06/2020
(09/2020)","09/2022
(10/2026)","611.8
(611.8)",523.14,87.2
3,"Construction of New Domestic Terminal Building at Rajahmundry Airport.
(Airport Authority of India [AAI])
(701121)
(N04000103) (-)",Andhra Pradesh,"12/2022
(08/2023)","08/2025
(06/2026)","347.15
(347.15)",170.79,90
4,"Guwahati Airport New Integrated Terminal Building Construction Project
(Adani Airport Holdings Limited)
(706724)
(N04000083) (9925)",Assam,"12/2016
(03/2018)","03/2025
(06/2026)","1712
(2520)",2627.39,98
5,"Development of New Civil Enclave at Bihta
(Airport Authority of India [AAI])
(612183)
(-) (9918)",Bihar,"08/2024
(04/2025)","03/2027
(-)","1413
(1413)",7.64,1.28
6,"Development of New Civil Enclave and associated works at Darbhanga Airport
(Airport Authority of India [AAI])
(612194)
(N04000112) (9917)",Bihar,"07/2024
(07/2024)","07/2026
(11/2026)","911.66
(911.66)",374.49,65
7,"Construction of New Domestic Terminal Building [Phase-I and II] and other allied
structures at JPNI Airport, Patna
(Airport Authority of India [AAI])
(701101)
(N04000082) (4356)",Bihar,"10/2018
(10/2018)","05/2026
(05/2026)","1216.9
(1216.9)",1200.67,98.22
8,"Goa Airport Terminal Building Extension Project
(Airport Authority of India [AAI])
(701105)
(N04000095) (4831)",Goa,"11/2017
(12/2019)","12/2021
(04/2026)","255.69
(255.69)",156.7,100
9,"Development of Keshod Airport.
(Airport Authority of India [AAI])
(619054)
(-) (-)",Gujarat,"01/2024
(07/2025)","01/2027
(-)","363.1
(363.1)",87.88,33.13
10,"Development of Dholera International Greenfield Airport , Gujarat
(Airport Authority of India [AAI])
(701126)
(N04000099) (3366)",Gujarat,"06/2022
(07/2022)","06/2026
(06/2026)","1305
(1551)",896.82,82
11,"Construction of NTB complex including apron, taxi track and other associated civil
works and electrical & mechanical installations towards Tawi River side at CA Jammu.
(Airport Authority of India [AAI])
(611047)
(N04000107) (9921)","Jammu and
Kashmir","10/2023
(12/2023)","06/2026
(11/2026)","861.37
(861.37)",319.5,51.35
12,"Construction of New Domestic Terminal Building and Miscellaneous works at Hubli
Airport
(Airport Authority of India [AAI])
(612787)
(N04000108) (-)",Karnataka,"06/2023
(01/2024)","01/2026
(06/2026)","320.47
(320.47)",148.68,77
13,"Construction of New Domestic Terminal Building and Miscellaneous Works at
Belagavi Airport.
(Airport Authority of India [AAI])
(612788)
(N04000105) (-)",Karnataka,"06/2023
(02/2024)","02/2026
(06/2026)","322.45
(322.45)",204.5,87
14,"Development of additional RESA on either end on Runway 10-28 at Calicut Airport.
Construction of embankment with slope protection, drainage system and associated
works for additional RESA on either end on Runway 10-28
(Airport Authority of India [AAI])
(612789)
(N04000111) (-)",Kerala,"06/2023
(02/2024)","09/2025
(12/2026)","484.57
(484.57)",204.6,59
15,"Construction of Terminal Building & Associated works at Leh Airport, Ladakh
(Airport Authority of India [AAI])
(400010)
(N04000078) (4665)",Ladakh,"07/2018
(09/2018)","09/2021
(07/2026)","480
(640)",501.81,78.9
16,"C/o NITB Imphal Airport
(Airport Authority of India [AAI])
(706718)
(N04000100) (-)",Manipur,"11/2021
(07/2022)","07/2024
(12/2026)","499
(499)",201.99,50.69
17,"SITC of ATM Automation System and ASMGCS [Including SMR & MLAT] for Mumbai,
Navi Mumbai, Jewar [earlier MOPA, without ASMGCS], HIAL & BIAL
(Airport Authority of India [AAI])
(611570)
(-) (-)","Multi-States
(Karnataka,
Maharashtra,
Telangana, Uttar
Pradesh)","12/2020
(10/2022)","09/2025
(08/2026)","500.48
(500.48)",381.2,78
18,"Development of New Greenfield Airport at Bundi, Kota Rajasthan.
(Airport Authority of India [AAI])
(618977)
(-) (10781)",Rajasthan,"08/2025
(10/2025)","10/2027
(11/2027)","1507
(1507)",40.4,12.8
19,"Construction of New Passenger Terminal Building for Domestic Operations at Jodhpur
Airport.
(Airport Authority of India [AAI])
(701127)
(N04000101) (-)",Rajasthan,"06/2022
(05/2023)","03/2026
(04/2026)","480
(480)",339.96,97.35
20,"Construction of New Integrated Passenger Terminal Building at Udaipur Airport
(Airport Authority of India [AAI])
(701128)
(N04000104) (4363)",Rajasthan,"06/2023
(11/2023)","03/2026
(09/2026)","887
(887)",523.61,68.71
